广州元因信息科技有限公司,Python工程师,8k-16k
广州优希信息科技有限公司,python后端开发,8k-16k
上海智展网络技术有限公司,Python,8k以上
广州摩翼信息科技有限公司,Python软件工程师（桌面软件）,10k-20k
新经贸教育,Python工程师,8k-12k
广州润普网络科技有限公司,python工程师,5k-8k
广州飞屋网络科技有限公司,Python高级研发工程师,10k-20k
广州摩翼信息科技有限公司,Python软件工程师（桌面软件）,8k-15k
广州带我飞信息科技有限公司,资深python工程师,14k-21k
广州带我飞信息科技有限公司,python高级工程师,10k-18k
深圳全栈旅游文化有限公司,python高级工程师,10k-17k
广州游众软件科技有限公司,Python,6k-10k
贵州格安科技有限公司广州分公司,Python工程师（web）,8k-15k
贵州格安科技有限公司广州分公司,Python研发工程师（后端）,8k-15k
广州点屏信息技术有限公司,Python,8k-15k
广州尝先科技有限公司,Python,5k-10k
广州智品移动技术有限公司,Go开发，或Python，C,8k-15k
广州趣丸网络科技有限公司,Python开发工程师,10k-15k
弥小乐(广州)网络科技有限公司,php/python/java服务器开发工程师,10k-20k
广州润普网络科技有限公司,Python实习,2k-4k
广州润普网络科技有限公司,Python开发工程师,7k-14k
广州游爱网络技术有限公司,Python,6k-10k
广东亿迅科技有限公司,Python开发工程师,6k-8k
广州昊动网络科技有限公司,Python,8k-13k
珠海布卡科技有限公司,python工程师,8k以上
新经贸教育,Python,3k-5k
广州柠蜜信息科技有限公司,软件测试实习生（熟悉Java、Python）,2k-4k
广州睿筑科技有限公司,Python工程师,10k-15k
广州潮流阁网络科技有限公司,Python开发工程师,8k-15k
广州快哉电子商务有限公司,Python,10k-15k
广州润普网络科技有限公司,Python初级开发工程师,4k-8k
蓝盾信息安全技术股份有限公司,Python开发工程师,8k-12k
广州杰升信息科技有限公司,Python工程师,8k-15k
广州睿筑科技有限公司,Python开发工程师（实习）,2k-4k
新经贸教育,Python,8k-12k
广州盛成网络科技股份有限公司,Python开发工程师,8k-15k
广州市汇志文化传播有限公司,Python工程师,10k-18k
广州游众软件科技有限公司,Python 开发,5k-9k
铂涛信息技术（广州）有限公司,Python,8k-15k
广州七乐康药业连锁有限公司,Python资深开发工程师,20k以上
广州七乐康药业连锁有限公司,Python中级开发工程师,8k-15k
广州图普网络科技有限公司,Python开发工程师,8k以上
广州看台网络科技有限公司,Python开发工程师,12k-20k
广州游众软件科技有限公司,Python开发,6k-12k
广州极飞电子科技有限公司,Python开发工程师,6k-10k
广州七乐康药业连锁有限公司,Python高级开发工程师,15k-20k
广州誉纸达信息技术有限公司,Python数据挖掘工程师,8k-14k
广州酷旅旅行社有限公司,python web开发工程师,7k-14k
广州灵酷企业服务有限公司,Python,11k-16k
广州市宝达智能科技有限公司,Python，GO，PHP,8k-16k
优视科技有限公司,运维开发工程师（python Django）,15k-25k
深圳卓伯信息咨询有限公司,游戏后台开发（python/php）,7k-9k
广州齐昌网络科技有限公司,Python后台开发,5k-10k
广州大娱信息科技有限公司,Python,8k-12k
广州市和沃易网络科技有限公司,python工程师,5k-10k
广州酷旅旅行社有限公司,python web开发工程师,8k-15k
广东奥飞数据科技股份有限公司,运维开发工程师（Python）,10k-20k
广州万惠投资管理有限公司,技术经理 （Python方向）,15k-25k
广州万惠投资管理有限公司,大数据（Python）工程师,6k-12k
广州中国科学院计算机网络信息中心,Python后台开发程序员,7k-10k
广州酷旅旅行社有限公司,python web开发工程师（创新工场项目）,8k-15k
广州万惠投资管理有限公司,Python工程师（爬虫） -征信,9k-18k
广州中国科学院计算机网络信息中心,Python研发工程师（无线城市战队）,6k-10k
广州中国科学院计算机网络信息中心,Python后台研发实习生,2k-3k
蓝月亮（中国）有限公司,Python运维工程师,8k-16k
广州酷狗计算机科技有限公司,Python开发工程师（创新项目）,10k-15k
广州市智慧农业服务有限公司,Python开发工程师,6k-8k
广州巨途信息技术有限公司,后台开发工程师（PHP/GO/PYTHON）,10k-15k
广州迪奥信息科技有限公司,Python工程师,7k-8k
广州原之梦信息科技有限公司,Python开发工程师,8k以上
广州大象健康科技有限公司,Python,8k-16k
广州星志桥信息科技有限公司,Python,10k-15k
广州元本软件科技有限公司,Python Django 开发工程师,6k-12k
广州英荔企业管理咨询有限公司,Python软件工程师,9k-18k
广州英荔企业管理咨询有限公司,Python软件工程师,7k-14k
广州中国科学院计算机网络信息中心,Python研发实习生,2k-3k
广州中国科学院计算机网络信息中心,python软件开发工程师,8k-12k
广州洋葱圈软件有限公司,Python 后端开发工程师,12k-20k
广东中成创投资有限公司,Python 后端开发,7k-14k
广州沃享信息科技有限公司,Python 后端开发工程师,7k-14k
蓝盾信息安全技术股份有限公司,Python,8k-12k
广州博冠信息科技有限公司,Python开发实习生,3k-5k
中国科学院广州生物医药与健康研究院,Python,7k-10k
北京创图未来科技有限公司,Python后台程序员,8k-10k
广州谋道网络科技有限公司,Python开发工程师,8k-15k
广州游众软件科技有限公司,Python开发工程师,6k-10k
广州优蜜移动科技股份有限公司,后端研发（PHP/Python/C/C++/Golang）！！！,10k-20k
网易互动娱乐有限公司,Java/Python/C#网站后台开发工程师,9k-18k
广州市猎犬网络科技有限公司,Python,7k-14k
湖北橙石电子商务有限公司,Python程序员,10k-15k
广州中国科学院计算机网络信息中心,Python工程师,8k-15k
广州中国科学院计算机网络信息中心,Python研发实习生,2k-4k
广州中国科学院计算机网络信息中心,Python研发工程师,8k-12k
广州中国科学院计算机网络信息中心,python软件开发工程师,8k-13k
广州中国科学院计算机网络信息中心,Python工程师,8k-15k
湖北橙石电子商务有限公司,Python程序员实习,3k-6k
广州优蜜移动科技股份有限公司,后端研发工程师(PHP/Python/Golang/Java/C++),9k-15k
广州优蜜移动科技股份有限公司,python研发组长,10k-20k
广州优蜜移动科技股份有限公司,Python研发工程师,10k-20k
广州优蜜移动科技股份有限公司,高级python研发工程师,10k-20k
广州六智网络科技有限公司,Python高薪急聘,10k-15k
铂涛集团,Python,6k-12k
广东中科招商创业投资管理有限责任公司,后端python开发工程师,8k-15k
铂涛集团,Python研发工程师,10k-15k
广州市万联信息科技有限公司,中级python工程师,10k-18k

